Company Name,Primary Contact Person,Secondary Contact Person,Email,Phone,Street Address,Postal Code,City,Total Certified Students,Bedrijfstype,CMS Bedrijf ID,Source System
"Autobedrijf Dobbe BV","T. van Vliet","","t.vanvliet@nissandobbe.nl","","Damhouderstraat 19","2266 AS","Leidschendam","1","Zakelijke Klant, Bedrijf, Edusafe Oud CMS","44","Edusafe Surlinio CMS"
"Adficom energielabels","","","","","","","","3","Zakelijke Klant, Bedrijf, Edusafe Oud CMS","132","Edusafe Surlinio CMS"
"Ado Den Haag","Sebas Angelovski","","s.angelovski@adodenhaag.nl","+31703054548","Haags Kwartier 55","2491 BM","Den Haag","46","Zakelijke Klant, Bedrijf, Edusafe Oud CMS","15","Edusafe Surlinio CMS"
"ADO Stewards Supervisors","","","","","","","","10","Zakelijke Klant, Bedrijf, Edusafe Oud CMS","142","Edusafe Surlinio CMS"
"After's cool","Marie_Louise Zieleman","","marie-louise@afterscool.nl","+31703589930","Pansierstraat 17-19","2584 EG","Den Haag","27","Zakelijke Klant, Bedrijf, Edusafe Oud CMS","62","Edusafe Surlinio CMS"
"Alexander Hotel","","","","","","","Noordwijk","18","Zakelijke Klant, Bedrijf, Edusafe Oud CMS","122","Edusafe Surlinio CMS"
"Allport Netherlands BV","Kelly Kooijman","","kelly.kooijman@allportnetherlands.nl","+31103021000","Marco Polostraat 22","3165 AL","Rotterdam- Albrandswaard","2","Zakelijke Klant, Bedrijf, Edusafe Oud CMS","49","Edusafe Surlinio CMS"
"ASN Binckhorst","Edmond Dezentjé","","edezentje@asnmail.nl","+31703820830","Binckhorstlaan 50","2595 WP","Den Haag","2","Zakelijke Klant, Bedrijf, Edusafe Oud CMS","64","Edusafe Surlinio CMS"
"Astoria","","","","","","","","3","Zakelijke Klant, Bedrijf, Edusafe Oud CMS","164","Edusafe Surlinio CMS"
"Atlas","B. Bergenhenegouwen","","","","","","","1","Zakelijke Klant, Bedrijf, Edusafe Oud CMS","195","Edusafe Surlinio CMS"
"ATMZ","Anja Dijkhuizen","","anja@at-mz.com","+31334656925","Siliciumweg 71","3812 SW","Amersfoort","5","Zakelijke Klant, Bedrijf, Edusafe Oud CMS","60","Edusafe Surlinio CMS"
"AutoFacets B.V.","","","","+31793200980","Maria Montessorilaan 5","2719 DB","Zoetermeer","4","Zakelijke Klant, Bedrijf, Edusafe Oud CMS","53","Edusafe Surlinio CMS"
"Aver Information BV","","","","","","","","1","Zakelijke Klant, Bedrijf, Edusafe Oud CMS","114","Edusafe Surlinio CMS"
"Ayers Rock","Michel Roos","","michel@ayersrock.nl","+31793230323","Buytenpark 4","2717 AX","Zoetermeer","0","Zakelijke Klant, Bedrijf, Edusafe Oud CMS, Lead / Geen Cursisten","23","Edusafe Surlinio CMS"
"B-Aparthotel","Nelly van Klaveren","Jaqueline de Winter","nvanklaveren@b-aparthotels.com","+31703020020","Stadhoudersplantsoen 18","2517 JL","Den Haag","7","Zakelijke Klant, Bedrijf, Edusafe Oud CMS","13","Edusafe Surlinio CMS"
"Beachclub Birds","","","","","","","","3","Zakelijke Klant, Bedrijf, Edusafe Oud CMS","127","Edusafe Surlinio CMS"
"Beercoo","Merel Groenenboom","","mgroenenboom@beercoo.nl","+31882337276","Weg en Bos 51-53","2661 DL","Bergschenhoek","9","Zakelijke Klant, Bedrijf, Edusafe Oud CMS","66","Edusafe Surlinio CMS"
"Bemmel en Kroon","Rene van Bemmel","","rene@bemmel-kroon.nl","+31703206065","Neckar 24","2491 BD","Den Haag","29","Zakelijke Klant, Bedrijf, Edusafe Oud CMS","77","Edusafe Surlinio CMS"
"Beurtvaartadres","Sander Janssen","","","","Maria Montessorilaan 1","2719 DB","Zoetermeer","10","Zakelijke Klant, Bedrijf, Edusafe Oud CMS","105","Edusafe Surlinio CMS"
"Bex Beveiliging","Ellen Winkel","","ellen@bex-beveiliging.nl","+31703588544","Henricuskade 63","2497 NB","Den Haag","57","Zakelijke Klant, Bedrijf, Edusafe Oud CMS","10","Edusafe Surlinio CMS"
"Bistro Le Petit Chef","","","","","","","","3","Zakelijke Klant, Bedrijf, Edusafe Oud CMS","128","Edusafe Surlinio CMS"
"Bos van der Burg advocaten","S.M.M. Reeuwijk","","sreeuwijk@bosvanderburg.nl","+31793203366","Röntgenlaan 31","2719 DX","Zoetermeer","4","Zakelijke Klant, Bedrijf, Edusafe Oud CMS","46","Edusafe Surlinio CMS"
"Bouldercentrum Delfts Bleau","Sander","Jolanda","info@delftsbleau.nl","","Schieweg 15 L","2627 AN","Delft","7","Zakelijke Klant, Bedrijf, Edusafe Oud CMS","52","Edusafe Surlinio CMS"
"Bourgonje geluid en lichtservice B.V.","John Tanis","","john.tanis@bourgonje.nl","+31613289966","Bleiswijkseweg 39","2712 PB","Zoetermeer","71","Zakelijke Klant, Bedrijf, Edusafe Oud CMS","20","Edusafe Surlinio CMS"
"Braber gassen","Triep","","","","","","","1","Zakelijke Klant, Bedrijf, Edusafe Oud CMS","196","Edusafe Surlinio CMS"
"Brunel","","","","","","","","2","Zakelijke Klant, Bedrijf, Edusafe Oud CMS","143","Edusafe Surlinio CMS"
"C-Sec","","","","","","","","7","Zakelijke Klant, Bedrijf, Edusafe Oud CMS","184","Edusafe Surlinio CMS"
"Café 't Centrum","","","","","","","Berkel en Rodenrijs","7","Zakelijke Klant, Bedrijf, Edusafe Oud CMS","121","Edusafe Surlinio CMS"
"Canon Medical Europe","","","","","","","","1","Zakelijke Klant, Bedrijf, Edusafe Oud CMS","112","Edusafe Surlinio CMS"
"Centramed","Auke van der Wal","","","","","","","10","Zakelijke Klant, Bedrijf, Edusafe Oud CMS","116","Edusafe Surlinio CMS"
"Christelijke Kinderopvang BijMarij","Marije Westmaas","","info@kinderopvangbijmarij.nl","","Willem-Alexanderplantsoen 1","2713 VM","Zoetermeer","4","Zakelijke Klant, Bedrijf, Edusafe Oud CMS","42","Edusafe Surlinio CMS"
"Cliq Offices","","","","","","","","1","Zakelijke Klant, Bedrijf, Edusafe Oud CMS","135","Edusafe Surlinio CMS"
"CO. beachclub","","","","","","","","11","Zakelijke Klant, Bedrijf, Edusafe Oud CMS","199","Edusafe Surlinio CMS"
"DAS Nederlandse Rechtsbijstand Verzekeringsmaatschappij N.V.","","","","+31793303204","Houtsingel, 19","2719 EA","Zoetermeer","0","Zakelijke Klant, Bedrijf, Edusafe Oud CMS, Lead / Geen Cursisten","11","Edusafe Surlinio CMS"
"DC-Beheer B.V.  Brandveiligheid & Advies","Peter Oord","","peter.oord@dc-beheer.nl","+31631900287","Cyclotronweg 67","2629 HN","Delft","20","Zakelijke Klant, Bedrijf, Edusafe Oud CMS","68","Edusafe Surlinio CMS"
"De Beierd","","","","","","","Delft","1","Zakelijke Klant, Bedrijf, Edusafe Oud CMS","155","Edusafe Surlinio CMS"
"De Drie Ballonnen ( Junis)","Debby Augustinus","","augustinus@junis.nl","+31172745815","Zuidpoolsingel 6","2408 ZE","Alphen aan den Rijn","391","Zakelijke Klant, Bedrijf, Edusafe Oud CMS","22","Edusafe Surlinio CMS"
"De Gracht","Jerry Johansson","","info@kaai-13.nl","+31702505860","","","","41","Zakelijke Klant, Bedrijf, Edusafe Oud CMS","67","Edusafe Surlinio CMS"
"de Jong Glas en Gevel","Simon","","","","","","","2","Zakelijke Klant, Bedrijf, Edusafe Oud CMS","200","Edusafe Surlinio CMS"
"De Kwartel","","","","","","","","0","Zakelijke Klant, Bedrijf, Edusafe Oud CMS, Lead / Geen Cursisten","193","Edusafe Surlinio CMS"
"de Maas BV","Claudia Schuring","","c.schuring@demaasbv.nl","+31104196530","Molenvliet 51","3335 LH","Zwijndrecht","1","Zakelijke Klant, Bedrijf, Edusafe Oud CMS","12","Edusafe Surlinio CMS"
"De Markies","","","","","","","","0","Zakelijke Klant, Bedrijf, Edusafe Oud CMS, Lead / Geen Cursisten","192","Edusafe Surlinio CMS"
"De Pier","","","","","","","","5","Zakelijke Klant, Bedrijf, Edusafe Oud CMS","138","Edusafe Surlinio CMS"
"De salon van Fagel","Justus","","","","Noordeinde 140C","2514 GP","Den Haag","16","Zakelijke Klant, Bedrijf, Edusafe Oud CMS","144","Edusafe Surlinio CMS"
"De Uithof","Linda Scheepmaker","","","","","","","38","Zakelijke Klant, Bedrijf, Edusafe Oud CMS","101","Edusafe Surlinio CMS"
"De Wijnboutique","","","","","","","","2","Zakelijke Klant, Bedrijf, Edusafe Oud CMS","182","Edusafe Surlinio CMS"
"DRG Horeca","Niels","","","","","","","57","Zakelijke Klant, Bedrijf, Edusafe Oud CMS","130","Edusafe Surlinio CMS"
"Dushi Huis","Marjolein Kalkers","","","","","","","45","Zakelijke Klant, Bedrijf, Edusafe Oud CMS","148","Edusafe Surlinio CMS"
"Dushi Huis Dordrecht","","","","","","","","6","Zakelijke Klant, Bedrijf, Edusafe Oud CMS","157","Edusafe Surlinio CMS"
"Dushi Huis, Nijmegen","","","","","","","","2","Zakelijke Klant, Bedrijf, Edusafe Oud CMS","151","Edusafe Surlinio CMS"
"Dushi Huis, Spankeren","","","","","","","Spankeren","16","Zakelijke Klant, Bedrijf, Edusafe Oud CMS","149","Edusafe Surlinio CMS"
"Dushihuis Waalwijk","","","","","","","","20","Zakelijke Klant, Bedrijf, Edusafe Oud CMS","158","Edusafe Surlinio CMS"
"Edusafe","Tanja Korving","","","","Bridgestraat 8","","","1","Zakelijke Klant, Bedrijf, Edusafe Oud CMS","9","Edusafe Surlinio CMS"
"Elan","","","","","","","","1","Zakelijke Klant, Bedrijf, Edusafe Oud CMS","175","Edusafe Surlinio CMS"
"Emburse","Maria Solomonidou","","","","","","","3","Zakelijke Klant, Bedrijf, Edusafe Oud CMS","118","Edusafe Surlinio CMS"
"Energy Solutions","S.N. Blanken","","s.blanken@ensol.nl","+31157505460","Ampereweg 27","2627 BG","DELFT","4","Zakelijke Klant, Bedrijf, Edusafe Oud CMS","78","Edusafe Surlinio CMS"
"EV Cargo Netherlands B.V.","","","","","","","Rotterdam","11","Zakelijke Klant, Bedrijf, Edusafe Oud CMS","188","Edusafe Surlinio CMS"
"Event Plaza","","","","","","","Rijswijk","10","Zakelijke Klant, Bedrijf, Edusafe Oud CMS","168","Edusafe Surlinio CMS"
"Evorsa","","","","","","","","4","Zakelijke Klant, Bedrijf, Edusafe Oud CMS","102","Edusafe Surlinio CMS"
"FEBO","","","","","","","","3","Zakelijke Klant, Bedrijf, Edusafe Oud CMS","174","Edusafe Surlinio CMS"
"Flashback","","","","","","","","1","Zakelijke Klant, Bedrijf, Edusafe Oud CMS","180","Edusafe Surlinio CMS"
"Fröling Schoonmaak / Glazenwasseri","B. Fröling","","","+31174270529","Dr. Ter Haarlaan 21","2685 RX","Poeldijk","5","Zakelijke Klant, Bedrijf, Edusafe Oud CMS","48","Edusafe Surlinio CMS"
"Gelagh","","","","","","","","5","Zakelijke Klant, Bedrijf, Edusafe Oud CMS","181","Edusafe Surlinio CMS"
"Gemeente Den Haag","Nadia Elazizi","","nadia.elazizi@denhaag.nl","","","2500 DK","Den Haag","15","Zakelijke Klant, Bedrijf, Edusafe Oud CMS","30","Edusafe Surlinio CMS"
"Gemeente Leiden","Simone van der Kaaij","","","+31715818585","le Pooleweg 11","2314 XT","Leiden","2","Zakelijke Klant, Bedrijf, Edusafe Oud CMS","61","Edusafe Surlinio CMS"
"Golden Tulip Hotel Noordwijk","Maurice Brancart","","m.brancart@goldentulipzoetermeercentre.nl","+31793203160","Kon. Wilhelmina Boulevard 8","2202 GS","Noordwijk","43","Zakelijke Klant, Bedrijf, Edusafe Oud CMS","88","Edusafe Surlinio CMS"
"Golden Tulip Hotel Zoetermeer","Maurice Brancart","","","","","","","43","Zakelijke Klant, Bedrijf, Edusafe Oud CMS","89","Edusafe Surlinio CMS"
"Grand Café Roos","Marlène Straathof","","marlenestraathof@hotmail.com","+31172766048","Parklaan 4","2771 GB","Boskoop","39","Zakelijke Klant, Bedrijf, Edusafe Oud CMS","26","Edusafe Surlinio CMS"
"Granneman","Leni Luiten","","lluiten@granneman.nl","+31715803333","Veenpoldersweg 14","2266 GA","Leidschendam","10","Zakelijke Klant, Bedrijf, Edusafe Oud CMS","58","Edusafe Surlinio CMS"
"Hanno Groots Café","K. Verhoeff","","","","Doelenplein 7","2611 BP","Delft","53","Zakelijke Klant, Bedrijf, Edusafe Oud CMS","107","Edusafe Surlinio CMS"
"Happy Moose","Berry Verhagen","","","+31654702484","","","","0","Zakelijke Klant, Bedrijf, Edusafe Oud CMS, Lead / Geen Cursisten","115","Edusafe Surlinio CMS"
"HCC beveiliging","Charlotte van Rijn","","","","de Werf 7D","2544 EH","Den Haag","49","Zakelijke Klant, Bedrijf, Edusafe Oud CMS","141","Edusafe Surlinio CMS"
"Henneken","Lauwrens de Jong","","lauwrens.de.jong@henneken.nl","+31793611368","Goudstraat 51","2718 RD","Zoetermeer","2","Zakelijke Klant, Bedrijf, Edusafe Oud CMS","56","Edusafe Surlinio CMS"
"Het Gastenhuis Leusden","Dennis","Wendy","leusden@hetgastenhuis.nl","+31657573486","Karel Brouwerhof 26","3832 LL","Leusden","29","Zakelijke Klant, Bedrijf, Edusafe Oud CMS","83","Edusafe Surlinio CMS"
"Het Paard van Troje","Elsa Blaauboer","","","+31707503434","Prinsegracht 12","2512 GA","Den Haag","51","Zakelijke Klant, Bedrijf, Edusafe Oud CMS","84","Edusafe Surlinio CMS"
"Highberg","","","","","","","","10","Zakelijke Klant, Bedrijf, Edusafe Oud CMS","190","Edusafe Surlinio CMS"
"Hipper","","","","","","","","3","Zakelijke Klant, Bedrijf, Edusafe Oud CMS","173","Edusafe Surlinio CMS"
"Hofstad Distributie","","","","","Badhuisstraat 9","2584 HD","Den Haag","1","Zakelijke Klant, Bedrijf, Edusafe Oud CMS","69","Edusafe Surlinio CMS"
"Hofstad Security","Cees Hofland","","","","Nieboerweg 1","2583 JT","Den Haag","69","Zakelijke Klant, Bedrijf, Edusafe Oud CMS","97","Edusafe Surlinio CMS"
"Hoofdwacht","","","","","","","","7","Zakelijke Klant, Bedrijf, Edusafe Oud CMS","179","Edusafe Surlinio CMS"
"Hudson","","","","","","","","33","Zakelijke Klant, Bedrijf, Edusafe Oud CMS","187","Edusafe Surlinio CMS"
"Huuralarm","Johan Greuter","","greuter@huuralarm.nl","+31703276707","Oude Middenweg 223","2491 AG","Den Haag","18","Zakelijke Klant, Bedrijf, Edusafe Oud CMS","74","Edusafe Surlinio CMS"
"Ienimini","Marjan Hendriks","","info@ienimini.nl","+31793410777","Bijdorplaan 321","2713 SX","Zoetermeer","16","Zakelijke Klant, Bedrijf, Edusafe Oud CMS","81","Edusafe Surlinio CMS"
"Inge de Bruijn Zwembad","","","","","","","","37","Zakelijke Klant, Bedrijf, Edusafe Oud CMS","150","Edusafe Surlinio CMS"
"Innova energie","Romano","","info@innovaenergie.nl","+31703016628","Oude Middenweg 75","2491 AC","Den Haag","22","Zakelijke Klant, Bedrijf, Edusafe Oud CMS","40","Edusafe Surlinio CMS"
"iQ Coaching Nancy Heim","mevrouw N.R.Heim","","","","Alphons Diepenbrockhof 21","2551 KG","Den Haag","1","Zakelijke Klant, Bedrijf, Edusafe Oud CMS","34","Edusafe Surlinio CMS"
"its4Sure","","","","","","","","1","Zakelijke Klant, Bedrijf, Edusafe Oud CMS","111","Edusafe Surlinio CMS"
"Jumbo","Patrick Bosch","","","","","","Alphons Diepenbrockhof","0","Zakelijke Klant, Bedrijf, Edusafe Oud CMS, Lead / Geen Cursisten","189","Edusafe Surlinio CMS"
"Karholding B.V.","M. O. Dingol","","info@dingol.nl","+31702206509","Ruhr 9-11","2491 CX","Den Haag","40","Zakelijke Klant, Bedrijf, Edusafe Oud CMS","55","Edusafe Surlinio CMS"
"Kasteel de Hooge Vuursche","Sandra Put","","put@eventcompany.nl","+31355412541","Hilversumsestraatweg 14","3744 KC","Baarn","36","Zakelijke Klant, Bedrijf, Edusafe Oud CMS","38","Edusafe Surlinio CMS"
"Kasterop","M. Ceha","","","","","","","1","Zakelijke Klant, Bedrijf, Edusafe Oud CMS","119","Edusafe Surlinio CMS"
"KC Balans","","","","","","","","6","Zakelijke Klant, Bedrijf, Edusafe Oud CMS","137","Edusafe Surlinio CMS"
"Kerstmanspecialist","Dashell Versteeg","","dashell@kerstmanspecialist.nl","+31332474013","Metaalweg 4","3751 LS","Bunschoten-Spakenburg","1","Zakelijke Klant, Bedrijf, Edusafe Oud CMS","59","Edusafe Surlinio CMS"
"KHN Arjan","via Shauna","","","","","","","556","Zakelijke Klant, Bedrijf, Edusafe Oud CMS","76","Edusafe Surlinio CMS"
"KHN Gorinchem","","","","","","","","4","Zakelijke Klant, Bedrijf, Edusafe Oud CMS","159","Edusafe Surlinio CMS"
"KHN Nieuwkoop (Wilma)","Wilma van der Meulen","","wilmavandermeulen@msn.com","+31640351588","Zuideinde 31","2492 AA","Nieuwkoop","13","Zakelijke Klant, Bedrijf, Edusafe Oud CMS","18","Edusafe Surlinio CMS"
"KHN Zuid Holland (Shauna)","Shauna Lehmann","","s.lehmann@khn.nl","+31348489461","Pelmolenlaan 10","3440 AN","Woerden","86","Zakelijke Klant, Bedrijf, Edusafe Oud CMS","36","Edusafe Surlinio CMS"
"Kinderopvang Liefjes Tante Suus","","","","","","","","4","Zakelijke Klant, Bedrijf, Edusafe Oud CMS","139","Edusafe Surlinio CMS"
"Kistos","","","","","","","","8","Zakelijke Klant, Bedrijf, Edusafe Oud CMS","183","Edusafe Surlinio CMS"
"Kozijn Service Nederland","Els Verheij","","els@kozijnservicenederland.nl","","Waalsdorperlaan 22c","2244 BN","Wassenaar","10","Zakelijke Klant, Bedrijf, Edusafe Oud CMS","73","Edusafe Surlinio CMS"
"Kreativ Events","","","","","","","","5","Zakelijke Klant, Bedrijf, Edusafe Oud CMS","120","Edusafe Surlinio CMS"
"Krinkels","Edwin van der Meij","","","+31174700201","Klopperman 4c","2292 JD","Wateringen","48","Zakelijke Klant, Bedrijf, Edusafe Oud CMS","50","Edusafe Surlinio CMS"
"Lamboo","","","","","","","","14","Zakelijke Klant, Bedrijf, Edusafe Oud CMS","95","Edusafe Surlinio CMS"
"Lamboo Medical","Kees Verhage","","","","","","","12","Zakelijke Klant, Bedrijf, Edusafe Oud CMS","170","Edusafe Surlinio CMS"
"Landgoed te Werve ( Event Company)","Sandra Put","","put@eventcompany.nl","+31704152185","v. Vredenburchweg 101","2283 TC","Rijswijk (Z-H)","24","Zakelijke Klant, Bedrijf, Edusafe Oud CMS","37","Edusafe Surlinio CMS"
"Lensink Transport","Paul Lensink","","","","","","","3","Zakelijke Klant, Bedrijf, Edusafe Oud CMS","108","Edusafe Surlinio CMS"
"Logis Dienstverlening","","","","","","","","1","Zakelijke Klant, Bedrijf, Edusafe Oud CMS","86","Edusafe Surlinio CMS"
"Malle Molen","","","","","","","","4","Zakelijke Klant, Bedrijf, Edusafe Oud CMS","176","Edusafe Surlinio CMS"
"Martijn van Bakkum","Martijn","","","","","","","2","Zakelijke Klant, Bedrijf, Edusafe Oud CMS","145","Edusafe Surlinio CMS"
"Mensen met een missie","Sian Ang","","sianang@mensenmeteenmissie.nl","+31651730817","Bezuidenhoutseweg 225","2594 AL","Den Haag","6","Zakelijke Klant, Bedrijf, Edusafe Oud CMS","70","Edusafe Surlinio CMS"
"Minters","Helen Kolthof","","","","Burgemeester Van Lierplein 51","3134 ZB","Vlaardingen","35","Zakelijke Klant, Bedrijf, Edusafe Oud CMS","79","Edusafe Surlinio CMS"
"Montaigne Lyceum","Peter Ong","","","+31153619140","Kiekendiefstraat 25","2496 RP","Den Haag","59","Zakelijke Klant, Bedrijf, Edusafe Oud CMS","33","Edusafe Surlinio CMS"
"Mulders Cleaning","Jessica","","jessica@mulderscleaning.nl","+31172232155","Flemingweg 18p","2408 AV","Alphen aan den Rijn","2","Zakelijke Klant, Bedrijf, Edusafe Oud CMS","14","Edusafe Surlinio CMS"
"MvD Beveiliging Services","","","","","","","","1","Zakelijke Klant, Bedrijf, Edusafe Oud CMS","136","Edusafe Surlinio CMS"
"My Horeca","Marc van Hogerlinden","","","","Prinsegracht 40","","Den Haag","11","Zakelijke Klant, Bedrijf, Edusafe Oud CMS","166","Edusafe Surlinio CMS"
"Möller Centrale Diensten B.V.","Jeroen Noyen","","jeroen@moller-autoschade.nl","+31102854444","Postbus 37108","3005 LC","Rotterdam","27","Zakelijke Klant, Bedrijf, Edusafe Oud CMS","35","Edusafe Surlinio CMS"
"New Life Living","Raymond Veenman","","","","","","","60","Zakelijke Klant, Bedrijf, Edusafe Oud CMS","98","Edusafe Surlinio CMS"
"NFGD Zoetermeer B.V.","Leonie Visschedijk","","lvisschedijk@nfgd.nl","+31793031803","Koraalrood 48","2718 SC","Zoetermeer","52","Zakelijke Klant, Bedrijf, Edusafe Oud CMS","24","Edusafe Surlinio CMS"
"Nintec B.V.","Elisabeth Fassler","","elisabeth.fassler@nintec.com","+31793200980","Maria Montessorilaan 5","2719 DB","Zoetermeer","0","Zakelijke Klant, Bedrijf, Edusafe Oud CMS, Lead / Geen Cursisten","54","Edusafe Surlinio CMS"
"Notenkraker","B. Swillens","","b.swillens@osbdenotenkraker.nl","","Eksterhof 2","2496 HS","Den Haag","12","Zakelijke Klant, Bedrijf, Edusafe Oud CMS","16","Edusafe Surlinio CMS"
"Number 5 Foundation","","","","","","","","9","Zakelijke Klant, Bedrijf, Edusafe Oud CMS","100","Edusafe Surlinio CMS"
"OBS de Tweemaster","","","","","","","","6","Zakelijke Klant, Bedrijf, Edusafe Oud CMS","163","Edusafe Surlinio CMS"
"Ontwerpstudio DUNC","G. van Leeuwen","","all@dunc.nl","+31715190255","Rijngeesterstraatweg 58B","2341 BV","Oegstgeest","2","Zakelijke Klant, Bedrijf, Edusafe Oud CMS","82","Edusafe Surlinio CMS"
"Opti Forma B.V.","Marianne Nugteren","","marianne@optiformabv.nl","+31703373445","Rodelaan1","2272","Voorburg","2","Zakelijke Klant, Bedrijf, Edusafe Oud CMS","28","Edusafe Surlinio CMS"
"Ortec","Melanie de Stigter","","melanie.destigter@ortec.com","+31886783265","Houtsingel 15","2719 EA","Zoetermeer","51","Zakelijke Klant, Bedrijf, Edusafe Oud CMS","47","Edusafe Surlinio CMS"
"P. Oosterleeschool","Willem Maas","","","","","","","20","Zakelijke Klant, Bedrijf, Edusafe Oud CMS","109","Edusafe Surlinio CMS"
"Pannekoe","","","","","","","","54","Zakelijke Klant, Bedrijf, Edusafe Oud CMS","191","Edusafe Surlinio CMS"
"Particulier","J. De Graaf","","jannes_deg@hotmail.com","+31645371950","Raamstraat 73","2613 RX","Delft","1","Zakelijke Klant, Bedrijf, Edusafe Oud CMS","32","Edusafe Surlinio CMS"
"Picasso Lyceum","","","","","","","Zoetermeer","13","Zakelijke Klant, Bedrijf, Edusafe Oud CMS","169","Edusafe Surlinio CMS"
"Plein 14","","","","","","","","3","Zakelijke Klant, Bedrijf, Edusafe Oud CMS","124","Edusafe Surlinio CMS"
"ProIn security","Alexander van Berkel","","","","Overgoo","2266 JZ","Leidschendam","5","Zakelijke Klant, Bedrijf, Edusafe Oud CMS","103","Edusafe Surlinio CMS"
"Promotie Zoetermeer","M. Haars","","info@promotiezoetermeer.nl","","Postbus 7280","2701 AG","Zoetermeer","2","Zakelijke Klant, Bedrijf, Edusafe Oud CMS","45","Edusafe Surlinio CMS"
"Pub10","","","","","","","","2","Zakelijke Klant, Bedrijf, Edusafe Oud CMS","177","Edusafe Surlinio CMS"
"Raymar Knitting","Raymond Trouwborst","","info@raymar.nl","+31174220889","Stoelmatter 9","2292 JM","Wateringen","3","Zakelijke Klant, Bedrijf, Edusafe Oud CMS","65","Edusafe Surlinio CMS"
"Regiebouw","Henriette Spruit","","","","","","Alpen a/d Rijn","7","Zakelijke Klant, Bedrijf, Edusafe Oud CMS","153","Edusafe Surlinio CMS"
"Restaurant de Beijerd","Wim","","","","","","Delft","13","Zakelijke Klant, Bedrijf, Edusafe Oud CMS","152","Edusafe Surlinio CMS"
"Restaurant het Wolthuis","Judith Verdult","","info@restauranthetwolthuis.nl","","Wouwsestraatweg 146","4623 AS","Bergen op Zoom","7","Zakelijke Klant, Bedrijf, Edusafe Oud CMS","90","Edusafe Surlinio CMS"
"Restaurant Tijsterman","","","","","","","","5","Zakelijke Klant, Bedrijf, Edusafe Oud CMS","161","Edusafe Surlinio CMS"
"Revolt Climbing","Nathalie Brouwenstijn","","","","Kleveringweg 35","2616 LZ","Delft","14","Zakelijke Klant, Bedrijf, Edusafe Oud CMS","91","Edusafe Surlinio CMS"
"RG interieur","Peter Korbijn","","info@rginterieur.nl","+31647957975","Wattstraat 19B","2723 RA","ZOETERMEER","0","Zakelijke Klant, Bedrijf, Edusafe Oud CMS, Lead / Geen Cursisten","25","Edusafe Surlinio CMS"
"Rhythm","","","","","","","","2","Zakelijke Klant, Bedrijf, Edusafe Oud CMS","171","Edusafe Surlinio CMS"
"Scarlatti","Eva Heemskerk","","eva@scarlatti.nl","+31715122114","Stille Mare 4","2312 DH","Leiden","47","Zakelijke Klant, Bedrijf, Edusafe Oud CMS","29","Edusafe Surlinio CMS"
"SCOH de Meerpaal","","","","","","","","9","Zakelijke Klant, Bedrijf, Edusafe Oud CMS","162","Edusafe Surlinio CMS"
"Servier Nederland Farma B.V.","M.J. Horstman","","marie-jose.horstman@servier.com","+31715246700","Kanaalpark 140","2321 JV","Leiden","1","Zakelijke Klant, Bedrijf, Edusafe Oud CMS","43","Edusafe Surlinio CMS"
"SG onderhoud","Stef Groenendijk","","","","Ambachtshof 34","2632 BB","Nootdorp","4","Zakelijke Klant, Bedrijf, Edusafe Oud CMS","96","Edusafe Surlinio CMS"
"SimStudio","","","","","","","","2","Zakelijke Klant, Bedrijf, Edusafe Oud CMS","140","Edusafe Surlinio CMS"
"Smaecktheater Paul","Paul Hoogendoorn","","paul.hoogendoorn@gmail.com","+31704447355","Simon Carmiggelthof 47","2492 JR","Den Haag","3","Zakelijke Klant, Bedrijf, Edusafe Oud CMS","71","Edusafe Surlinio CMS"
"SpoedPCR test","Wahiba Boulakhrif","","","","","","","5","Zakelijke Klant, Bedrijf, Edusafe Oud CMS","106","Edusafe Surlinio CMS"
"Sportfondsen","","","","","","","","105","Zakelijke Klant, Bedrijf, Edusafe Oud CMS","146","Edusafe Surlinio CMS"
"Sportfondsen Delft","","","","","","","","11","Zakelijke Klant, Bedrijf, Edusafe Oud CMS","197","Edusafe Surlinio CMS"
"Sportfondsen Oostervant","","","","","","","","30","Zakelijke Klant, Bedrijf, Edusafe Oud CMS","154","Edusafe Surlinio CMS"
"Sportfondsen Wassenaar","","","","","","","Wassenaar","21","Zakelijke Klant, Bedrijf, Edusafe Oud CMS","186","Edusafe Surlinio CMS"
"Sportstichting Zuidplas,","","","","","Iersestraat 15","2912 TH","Nieuwerkerk aan den IJssel","30","Zakelijke Klant, Bedrijf, Edusafe Oud CMS","160","Edusafe Surlinio CMS"
"SRK rechtsbijstand","Gaby Kuipers","","gaby.kuipers@srkrechtsbijstand.nl","+31880188433","Oude Middenweg 17","2491 AC","Den Haag","16","Zakelijke Klant, Bedrijf, Edusafe Oud CMS","51","Edusafe Surlinio CMS"
"Starcuisine","Francine van Limborgh","","f.vanlimborgh@starcuisine.nl","+31703628702","van Gijnstraat 25","2288 GB","Rijswijk (Z-H)","43","Zakelijke Klant, Bedrijf, Edusafe Oud CMS","57","Edusafe Surlinio CMS"
"Stichting De Inzet","","","","","","","","9","Zakelijke Klant, Bedrijf, Edusafe Oud CMS","185","Edusafe Surlinio CMS"
"Stichting Duivenvoorde","C. Kramer-Roso","","ck@stichting-duivenvoorde.nl","+31702199300","Jan Pieterz Coenstraat 7","2595 WP","Den Haag","4","Zakelijke Klant, Bedrijf, Edusafe Oud CMS","63","Edusafe Surlinio CMS"
"Stichting Gelijkwaardig Herstel","","","","","","","","2","Zakelijke Klant, Bedrijf, Edusafe Oud CMS","165","Edusafe Surlinio CMS"
"Strandpaviljoen de Kwartel","","","","","","","","12","Zakelijke Klant, Bedrijf, Edusafe Oud CMS","126","Edusafe Surlinio CMS"
"Surlinio","Bas Broekarts","","bas@surlinio.com","","Dr. Lelykade 22A","2583 CM","Den Haag","1","Zakelijke Klant, Bedrijf, Edusafe Oud CMS","31","Edusafe Surlinio CMS"
"Tend","Joey","Max","","","Taag 77","2491 CS","Den Haag","6","Zakelijke Klant, Bedrijf, Edusafe Oud CMS","134","Edusafe Surlinio CMS"
"testlocatie","","","","","","","","3","Zakelijke Klant, Bedrijf, Edusafe Oud CMS","104","Edusafe Surlinio CMS"
"The British school","Carolien Arents","","c.arents@britams.nl","+31206797840","Anthonie van Dijckstraat 1","1077 ME","Amsterdam","10","Zakelijke Klant, Bedrijf, Edusafe Oud CMS","17","Edusafe Surlinio CMS"
"The New Farm","Tanja Bernsten","","","","","","","19","Zakelijke Klant, Bedrijf, Edusafe Oud CMS","133","Edusafe Surlinio CMS"
"Thuismakers BV","","","","","","","","3","Zakelijke Klant, Bedrijf, Edusafe Oud CMS","110","Edusafe Surlinio CMS"
"Topkapel","","","","","","","","1","Zakelijke Klant, Bedrijf, Edusafe Oud CMS","94","Edusafe Surlinio CMS"
"Trigono Capital B.V.","","","","","","","","3","Zakelijke Klant, Bedrijf, Edusafe Oud CMS","125","Edusafe Surlinio CMS"
"Trios luchttechniek","","","","","","","","4","Zakelijke Klant, Bedrijf, Edusafe Oud CMS","167","Edusafe Surlinio CMS"
"TU Delft","Frits","","","","","","Kabeldistrict","15","Zakelijke Klant, Bedrijf, Edusafe Oud CMS","92","Edusafe Surlinio CMS"
"Tuincentrum Rokkeveen","","","","","","","","14","Zakelijke Klant, Bedrijf, Edusafe Oud CMS","123","Edusafe Surlinio CMS"
"Uyltje","","","","","","","","4","Zakelijke Klant, Bedrijf, Edusafe Oud CMS","178","Edusafe Surlinio CMS"
"V. V. S. Katwijk","Nicoline Schuitemaker","","","","","","","126","Zakelijke Klant, Bedrijf, Edusafe Oud CMS","39","Edusafe Surlinio CMS"
"Van Baarsen Buisleidingen B.V.","Ina Hoogeland","","i.hoogeland@vbaarsen.nl","+31206596553","Sloterweg 321","1171 VC","Badhoevedorp","11","Zakelijke Klant, Bedrijf, Edusafe Oud CMS","41","Edusafe Surlinio CMS"
"Van Dreumel Ramen en Deuren B.V.","","","","","","","","2","Zakelijke Klant, Bedrijf, Edusafe Oud CMS","93","Edusafe Surlinio CMS"
"Veenman Dakveiligheid","Edgar Veenman","","","","","","","14","Zakelijke Klant, Bedrijf, Edusafe Oud CMS","147","Edusafe Surlinio CMS"
"Venduehuis","Peter Meefout","","p.meefout@venduehuis.com","+31703658857","Nobelstraat 5","2513 BC","Den Haag","16","Zakelijke Klant, Bedrijf, Edusafe Oud CMS","72","Edusafe Surlinio CMS"
"Vierstroom","","","","","","","","15","Zakelijke Klant, Bedrijf, Edusafe Oud CMS","113","Edusafe Surlinio CMS"
"Viertaal, Cor Emous","","","","","","","","1","Zakelijke Klant, Bedrijf, Edusafe Oud CMS","198","Edusafe Surlinio CMS"
"Vrijenban","Bas Aalbers","","info@vrijeban.nl","","Rotterdamseweg 376","2629 HG","Delft","9","Zakelijke Klant, Bedrijf, Edusafe Oud CMS","87","Edusafe Surlinio CMS"
"Wilma van der Meulen","Wilma van der Meulen","","wilmavandermeulen@msn.com","+31640351588","Zuideinde 31","2421 AA","Nieuwkoop","9","Zakelijke Klant, Bedrijf, Edusafe Oud CMS","27","Edusafe Surlinio CMS"
"WiseMen Advocaten","","","","","Dr. Kuyperstraat 11","2514 BA","DEN HAAG","2","Zakelijke Klant, Bedrijf, Edusafe Oud CMS","99","Edusafe Surlinio CMS"
"World Forum","Leonie de Ridder","","leonie.deridder@worldforum.nl","+31703066366","Churchillplein 10","2517 JW","Den Haag","46","Zakelijke Klant, Bedrijf, Edusafe Oud CMS","75","Edusafe Surlinio CMS"
"YDL Dance Studios","","","","","","","","1","Zakelijke Klant, Bedrijf, Edusafe Oud CMS","117","Edusafe Surlinio CMS"