Cursusdatum,Cursusnaam,Locatienaam,Docent / Trainer,Status / Deelnemers,Herkomst CMS
"BHV","09-09-2026","09:00 - 16:30","BHV","Golden Tulip Hotel Zoetermeer","Edusafe Surlinio CMS"
"EHBO herhaling","10-09-2026","09:00 - 16:30","EHBO herhaling","Golden Tulip Hotel Zoetermeer","Edusafe Surlinio CMS"
"BHV","24-09-2026","09:00 - 13:00","BHV","Edusafe","Edusafe Surlinio CMS"
"BHV","07-10-2026","09:00 - 16:30","BHV","Golden Tulip Hotel Zoetermeer","Edusafe Surlinio CMS"
"BHV","28-10-2026","09:00 - 13:00","BHV","Edusafe","Edusafe Surlinio CMS"
"BHV","11-11-2026","09:00 - 13:00","BHV","Edusafe","Edusafe Surlinio CMS"
"BHV","25-11-2026","09:00 - 13:00","BHV","Edusafe","Edusafe Surlinio CMS"
"EHBO herhaling","01-12-2026","09:00 - 17:00","EHBO herhaling","Sportfondsen","Edusafe Surlinio CMS"
"EHBO herhaling","10-12-2026","09:00 - 16:30","EHBO herhaling","Edusafe","Edusafe Surlinio CMS"
"EHBO basis","04-08-2026","09:00 - 13:00","EHBO basis","Edusafe kantoor","Edusafe Surlinio CMS"
"BHV","15-07-2026","09:00 - 13:00","BHV","Edusafe","Edusafe Surlinio CMS"
"BHV","14-07-2026","13:00 - 17:00","BHV","new life living","Edusafe Surlinio CMS"
"BHV","10-07-2026","13:00 - 17:00","BHV","new life living","Edusafe Surlinio CMS"
"BHV Basis","09-07-2026","09:00 - 13:00","BHV Basis","Edusafe","Edusafe Surlinio CMS"
"BHV","06-07-2026","09:00 - 13:00","BHV","Minters","Edusafe Surlinio CMS"
"BHV","02-07-2026","09:00 - 12:00","BHV","Sportfondsen Oostervant","Edusafe Surlinio CMS"
"BHV","26-06-2026","09:00 - 12:00","BHV","Zevenkampse ring","Edusafe Surlinio CMS"
"BHV","25-06-2026","09:00 - 13:00","BHV","Minters","Edusafe Surlinio CMS"
"BHV","25-06-2026","09:00 - 12:00","BHV","Sportfondsen","Edusafe Surlinio CMS"
"BHV","23-06-2026","14:30 - 17:30","BHV","Picasso Lyceum","Edusafe Surlinio CMS"
"BHV","23-06-2026","09:00 - 13:00","BHV","Restaurant het Wolthuis","Edusafe Surlinio CMS"
"BHV","22-06-2026","18:30 - 22:30","BHV","Grand Café Roos","Edusafe Surlinio CMS"
"BHV","22-06-2026","14:00 - 18:00","BHV","Grand Café Roos","Edusafe Surlinio CMS"
"BHV","22-06-2026","13:00 - 17:00","BHV","AutoFacets B.V.","Edusafe Surlinio CMS"
"EHAK basis","20-06-2026","09:00 - 16:30","EHAK basis","Edusafe (Ambu)","Edusafe Surlinio CMS"
"EHAK herhaling","20-06-2026","09:00 - 16:30","EHAK herhaling","Edusafe (Ambu)","Edusafe Surlinio CMS"
"BHV","18-06-2026","09:00 - 12:00","BHV","Sportfondsen Oostervant","Edusafe Surlinio CMS"
"BHV herhaling","18-06-2026","09:00 - 12:00","BHV herhaling","Sportfondsen Oostelijk","Edusafe Surlinio CMS"
"BHV","16-06-2026","09:00 - 13:00","BHV","Edusafe","Edusafe Surlinio CMS"
"BHV","15-06-2026","17:00 - 20:00","BHV","CO. Beachclub","Edusafe Surlinio CMS"
"BHV","15-06-2026","09:00 - 16:30","BHV","Golden Tulip Hotel Zoetermeer","Edusafe Surlinio CMS"
"EHBO herhaling","11-06-2026","09:00 - 16:30","EHBO herhaling","Edusafe","Edusafe Surlinio CMS"
"BHV","11-06-2026","09:00 - 12:00","BHV","Sportfondsen","Edusafe Surlinio CMS"
"BHV","09-06-2026","13:30 - 16:30","BHV","Montaigne Lyceum","Edusafe Surlinio CMS"
"BHV","09-06-2026","09:00 - 13:00","BHV","Sportfondsen Delft","Edusafe Surlinio CMS"
"BHV","08-06-2026","09:00 - 16:30","BHV","Golden Tulip Hotel Zoetermeer","Edusafe Surlinio CMS"
"BHV","05-06-2026","13:00 - 17:00","BHV","new life living","Edusafe Surlinio CMS"
"BHV","04-06-2026","09:00 - 12:00","BHV","Zevenkampse ring","Edusafe Surlinio CMS"
"BHV","02-06-2026","09:00 - 16:30","BHV","Golden Tulip Hotel Zoetermeer","Edusafe Surlinio CMS"
"BHV","28-05-2026","09:00 - 12:00","BHV","Sportfondsen Oostelijk","Edusafe Surlinio CMS"
"BHV","26-05-2026","10:00 - 14:00","BHV","My Horeca","Edusafe Surlinio CMS"
"BHV","23-05-2026","09:00 - 13:00","BHV","Edusafe kantoor","Edusafe Surlinio CMS"
"BHV","21-05-2026","09:00 - 12:00","BHV","Sportfondsen Oostelijk","Edusafe Surlinio CMS"
"BHV","20-05-2026","09:00 - 13:00","BHV","Edusafe","Edusafe Surlinio CMS"
"AED / Reanimatie","19-05-2026","17:30 - 19:30","AED / Reanimatie","Edusafe","Edusafe Surlinio CMS"
"BHV","13-05-2026","09:00 - 16:30","BHV","Golden Tulip Hotel Zoetermeer","Edusafe Surlinio CMS"
"BHV","12-05-2026","09:00 - 16:30","BHV","Westcord Hotel","Edusafe Surlinio CMS"
"BHV","12-05-2026","09:00 - 13:00","BHV","Jumbo","Edusafe Surlinio CMS"
"AED / Reanimatie","11-05-2026","16:30 - 18:00","AED / Reanimatie","Highberg","Edusafe Surlinio CMS"
"EHBO basis","11-05-2026","09:00 - 16:30","EHBO basis","Edusafe (Ambu)","Edusafe Surlinio CMS"
"EHAK basis","11-05-2026","09:00 - 16:30","EHAK basis","Edusafe (Ambu)","Edusafe Surlinio CMS"
"EHAK herhaling","11-05-2026","09:00 - 16:30","EHAK herhaling","Edusafe (Ambu)","Edusafe Surlinio CMS"
"EHAK herhaling","11-05-2026","09:00 - 16:30","EHAK herhaling","Edusafe (Ambu)","Edusafe Surlinio CMS"
"BHV Basis","11-05-2026","09:00 - 16:30","BHV Basis","Golden Tulip Hotel Zoetermeer","Edusafe Surlinio CMS"
"BHV","07-05-2026","09:00 - 13:00","BHV","Ortec","Edusafe Surlinio CMS"
"BHV","07-05-2026","09:00 - 12:00","BHV","Sportfondsen Oostervant","Edusafe Surlinio CMS"
"BHV","06-05-2026","09:00 - 16:30","BHV","De Markies","Edusafe Surlinio CMS"
"BHV","04-05-2026","10:00 - 14:00","BHV","De Kwartel","Edusafe Surlinio CMS"
"Ploegleider BHV","22-04-2026","14:00 - 18:00","Ploegleider BHV","Edusafe","Edusafe Surlinio CMS"
"BHV","22-04-2026","09:00 - 13:00","BHV","Edusafe","Edusafe Surlinio CMS"
"BHV","20-04-2026","09:00 - 18:00","BHV","Pannekoe","Edusafe Surlinio CMS"
"BHV Basis","20-04-2026","09:00 - 16:30","BHV Basis","Edusafe","Edusafe Surlinio CMS"
"BHV","13-04-2026","09:00 - 18:00","BHV","Pannekoe","Edusafe Surlinio CMS"
"BHV","13-04-2026","09:00 - 16:30","BHV","Golden Tulip Noordwijk","Edusafe Surlinio CMS"
"EHBO basis","11-04-2026","09:00 - 16:30","EHBO basis","Edusafe (Ambu)","Edusafe Surlinio CMS"
"EHAK basis","11-04-2026","09:00 - 16:30","EHAK basis","Edusafe (Ambu)","Edusafe Surlinio CMS"
"EHAK herhaling","11-04-2026","09:00 - 16:30","EHAK herhaling","Edusafe (Ambu)","Edusafe Surlinio CMS"
"BHV","09-04-2026","09:00 - 13:00","BHV","EV Cargo Netherlands B.V.","Edusafe Surlinio CMS"
"EHBO herhaling","09-04-2026","09:00 - 12:00","EHBO herhaling","Sportfondsen","Edusafe Surlinio CMS"
"BHV","08-04-2026","09:00 - 13:00","BHV","Edusafe","Edusafe Surlinio CMS"
"EHBO herhaling","02-04-2026","09:00 - 12:00","EHBO herhaling","Sportfondsen","Edusafe Surlinio CMS"
"EHBO herhaling","26-03-2026","09:00 - 12:00","EHBO herhaling","Sportfondsen","Edusafe Surlinio CMS"
"BHV","23-03-2026","09:00 - 16:30","BHV","Golden Tulip Hotel Zoetermeer","Edusafe Surlinio CMS"
"EHBO herhaling","19-03-2026","09:00 - 12:00","EHBO herhaling","Sportfondsen","Edusafe Surlinio CMS"
"BHV","09-03-2026","09:00 - 13:00","BHV","Edusafe","Edusafe Surlinio CMS"
"BHV","05-03-2026","09:00 - 16:30","BHV","Golden Tulip Hotel Zoetermeer","Edusafe Surlinio CMS"
"EHBO herhaling","05-03-2026","09:00 - 12:00","EHBO herhaling","Sportfondsen","Edusafe Surlinio CMS"
"BHV","03-03-2026","09:00 - 16:30","BHV","KHN Zuid Holland (Hotel Den haag-Wassenaar)","Edusafe Surlinio CMS"
"EHBO basis","02-03-2026","09:00 - 16:30","EHBO basis","Edusafe (Ambu)","Edusafe Surlinio CMS"
"EHAK basis","02-03-2026","09:00 - 16:30","EHAK basis","Edusafe (Ambu)","Edusafe Surlinio CMS"
"EHAK herhaling","02-03-2026","09:00 - 16:30","EHAK herhaling","Edusafe (Ambu)","Edusafe Surlinio CMS"
"BHV herhaling","26-02-2026","09:00 - 16:30","BHV herhaling","Landgoed te Werve","Edusafe Surlinio CMS"
"BHV herhaling","26-02-2026","09:00 - 13:00","BHV herhaling","World Forum The Hague","Edusafe Surlinio CMS"
"BHV","25-02-2026","09:00 - 13:00","BHV","Mensen met een Missie","Edusafe Surlinio CMS"
"EHBO basis","24-02-2026","19:00 - 22:00","EHBO basis","Sportfondsen","Edusafe Surlinio CMS"
"BHV herhaling B & O","24-02-2026","19:00 - 22:00","BHV herhaling B & O","Edusafe","Edusafe Surlinio CMS"
"BHV","23-02-2026","11:00 - 16:30","BHV","Dushi Huis","Edusafe Surlinio CMS"
"EHBO herhaling","19-02-2026","09:00 - 12:00","EHBO herhaling","Sportfondsen Oostervant","Edusafe Surlinio CMS"
"BHV","18-02-2026","13:00 - 17:00","BHV","Alexander Hotel","Edusafe Surlinio CMS"
"BHV","16-02-2026","10:00 - 16:30","BHV","Hudson","Edusafe Surlinio CMS"
"BHV","16-02-2026","09:00 - 13:00","BHV","Inge de Bruijn Zwembad","Edusafe Surlinio CMS"
"EHBO herhaling","10-02-2026","18:30 - 21:30","EHBO herhaling","Sportfondsen Oostervant","Edusafe Surlinio CMS"
"BHV","10-02-2026","09:00 - 13:00","BHV","Ortec","Edusafe Surlinio CMS"
"BHV","09-02-2026","09:00 - 16:30","BHV","Westcord Hotel","Edusafe Surlinio CMS"
"BHV","05-02-2026","09:00 - 16:30","BHV","Golden Tulip Hotel Zoetermeer","Edusafe Surlinio CMS"
"EHBO herhaling","04-02-2026","09:00 - 16:30","EHBO herhaling","Golden Tulip Hotel Zoetermeer","Edusafe Surlinio CMS"
"BHV","02-02-2026","10:00 - 14:00","BHV","The New Farm","Edusafe Surlinio CMS"
"BHV","29-01-2026","10:30 - 16:15","BHV","Dushi Huis, Nijmegen","Edusafe Surlinio CMS"
"BHV","27-01-2026","09:00 - 16:30","BHV","Golden Tulip Hotel Zoetermeer","Edusafe Surlinio CMS"
"BHV","26-01-2026","10:00 - 14:00","BHV","Scarlatti","Edusafe Surlinio CMS"
"EHAK basis","26-01-2026","09:00 - 16:30","EHAK basis","Edusafe (Ambu)","Edusafe Surlinio CMS"
"EHAK herhaling","26-01-2026","09:00 - 16:30","EHAK herhaling","Edusafe (Ambu)","Edusafe Surlinio CMS"
"BHV","26-01-2026","09:00 - 16:30","BHV","Kasteel de Hooge Vuursche","Edusafe Surlinio CMS"
"BHV","21-01-2026","09:00 - 13:00","BHV","Starcuisine","Edusafe Surlinio CMS"
"BHV","20-01-2026","09:00 - 16:30","BHV","Golden Tulip Noordwijk","Edusafe Surlinio CMS"
"BHV","20-01-2026","09:00 - 13:00","BHV","'t Vliegend Paard","Edusafe Surlinio CMS"
"BHV","19-01-2026","10:00 - 14:00","BHV","Scarlatti","Edusafe Surlinio CMS"
"EHBO basis","19-01-2026","09:00 - 16:30","EHBO basis","Edusafe (Ambu)","Edusafe Surlinio CMS"
"BHV","13-01-2026","09:00 - 13:00","BHV","Edusafe","Edusafe Surlinio CMS"