Cursusnaam,Categorie,Prijs Excl BTW,Geldigheidsduur (Jaren),Cursusduur / Dagdelen,Certificaattype,Cursuscode,Omschrijving,Herkomst CMS
"AED / Reanimatie","EHBO","69.00","1","1 dag (2 dagdelen)","Edusafe Certificaat & Pasje","AED -1","Officiële AED / Reanimatie opleiding verzorgd door Edusafe","Edusafe Surlinio CMS"
"Basisveiligheid VCA","VCA","250.00","10","1 dag (2 dagdelen)","SSVV / VCA Diploma","BASI-10","Officiële Basisveiligheid VCA opleiding verzorgd door Edusafe","Edusafe Surlinio CMS"
"BHV","BHV","0.00","1","1 dag (2 dagdelen)","Edusafe Certificaat & Pasje","BHV-1","Officiële BHV opleiding verzorgd door Edusafe","Edusafe Surlinio CMS"
"BHV Basis","BHV","195.00","1","1 dag (2 dagdelen)","Edusafe Certificaat & Pasje","BHV -1","Officiële BHV Basis opleiding verzorgd door Edusafe","Edusafe Surlinio CMS"
"BHV Brand en Ontruiming basis","OVERIG","0.00","1","1 dag (2 dagdelen)","Edusafe Certificaat & Pasje","BHV -1","Officiële BHV Brand en Ontruiming basis opleiding verzorgd door Edusafe","Edusafe Surlinio CMS"
"BHV Eerste Hulp","BHV","0.00","1","1 dag (2 dagdelen)","Edusafe Certificaat & Pasje","BHV -1","Officiële BHV Eerste Hulp opleiding verzorgd door Edusafe","Edusafe Surlinio CMS"
"BHV Eerste Hulp basis","OVERIG","0.00","1","1 dag (2 dagdelen)","Edusafe Certificaat & Pasje","BHV -1","Officiële BHV Eerste Hulp basis opleiding verzorgd door Edusafe","Edusafe Surlinio CMS"
"BHV Engels","BHV","150.00","1","1 dag (2 dagdelen)","Edusafe Certificaat & Pasje","BHV -1","Officiële BHV Engels opleiding verzorgd door Edusafe","Edusafe Surlinio CMS"
"BHV herhaling","BHV","150.00","1","1 dagdeel (4 uur)","Edusafe Certificaat & Pasje","BHV -1","Officiële BHV herhaling opleiding verzorgd door Edusafe","Edusafe Surlinio CMS"
"BHV herhaling B & O","BHV","110.00","1","1 dagdeel (4 uur)","Edusafe Certificaat & Pasje","BHV -1","Officiële BHV herhaling B & O opleiding verzorgd door Edusafe","Edusafe Surlinio CMS"
"Brandronde","OVERIG","0.00","1","1 dag (2 dagdelen)","Edusafe Certificaat & Pasje","BRAN-1","Officiële Brandronde opleiding verzorgd door Edusafe","Edusafe Surlinio CMS"
"E-Learning","OVERIG","24.99","1","Online zelfstudie","Edusafe Certificaat & Pasje","E-LE-1","Officiële E-Learning opleiding verzorgd door Edusafe","Edusafe Surlinio CMS"
"EHAK basis","EHBO","0.00","1","1 dag (2 dagdelen)","Edusafe Certificaat & Pasje","EHAK-1","Officiële EHAK basis opleiding verzorgd door Edusafe","Edusafe Surlinio CMS"
"EHAK herhaling","OVERIG","0.00","1","1 dagdeel (4 uur)","Edusafe Certificaat & Pasje","EHAK-1","Officiële EHAK herhaling opleiding verzorgd door Edusafe","Edusafe Surlinio CMS"
"EHAK herhaling Oranje Kruis","OVERIG","100.00","1","1 dagdeel (4 uur)","Oranje Kruis Certificaat","EHAK-1","Officiële EHAK herhaling Oranje Kruis opleiding verzorgd door Edusafe","Edusafe Surlinio CMS"
"EHBO basis","EHBO","0.00","1","1 dag (2 dagdelen)","Edusafe Certificaat & Pasje","EHBO-1","Officiële EHBO basis opleiding verzorgd door Edusafe","Edusafe Surlinio CMS"
"EHBO herhaling","EHBO","159.00","1","1 dagdeel (4 uur)","Edusafe Certificaat & Pasje","EHBO-1","Officiële EHBO herhaling opleiding verzorgd door Edusafe","Edusafe Surlinio CMS"
"Fire Fighting","OVERIG","0.00","1","1 dag (2 dagdelen)","Edusafe Certificaat & Pasje","FIRE-1","Officiële Fire Fighting opleiding verzorgd door Edusafe","Edusafe Surlinio CMS"
"First Aid","OVERIG","0.00","1","1 dag (2 dagdelen)","Edusafe Certificaat & Pasje","FIRS-1","Officiële First Aid opleiding verzorgd door Edusafe","Edusafe Surlinio CMS"
"Geannuleerd","VCA","0.00","1","1 dag (2 dagdelen)","Edusafe Certificaat & Pasje","GEAN-1","Officiële Geannuleerd opleiding verzorgd door Edusafe","Edusafe Surlinio CMS"
"Hoofd BHV","BHV","599.00","1","1 dag (2 dagdelen)","Edusafe Certificaat & Pasje","HOOF-1","Officiële Hoofd BHV opleiding verzorgd door Edusafe","Edusafe Surlinio CMS"
"Injecteren Intramusculair","OVERIG","175.00","1","1 dag (2 dagdelen)","Edusafe Certificaat & Pasje","INJE-1","Officiële Injecteren Intramusculair opleiding verzorgd door Edusafe","Edusafe Surlinio CMS"
"Instructeur BHV","BHV","1.80","1","1 dag (2 dagdelen)","Edusafe Certificaat & Pasje","INST-1","Officiële Instructeur BHV opleiding verzorgd door Edusafe","Edusafe Surlinio CMS"
"NIKTA Acute Zorgverlener","OVERIG","750.00","1","1 dag (2 dagdelen)","NIKTA ISO Certificaat","NIKT-1","Officiële NIKTA Acute Zorgverlener opleiding verzorgd door Edusafe","Edusafe Surlinio CMS"
"Ontruimings oefening","OVERIG","300.00","1","1 dag (2 dagdelen)","Edusafe Certificaat & Pasje","ONTR-1","Officiële Ontruimings oefening opleiding verzorgd door Edusafe","Edusafe Surlinio CMS"
"Oranje Kruis","OVERIG","100.00","1","1 dag (2 dagdelen)","Oranje Kruis Certificaat","ORAN-1","Officiële Oranje Kruis opleiding verzorgd door Edusafe","Edusafe Surlinio CMS"
"Ploegleider BHV","BHV","295.00","1","2 dagen (4 dagdelen)","Edusafe Certificaat & Pasje","PLOE-1","Officiële Ploegleider BHV opleiding verzorgd door Edusafe","Edusafe Surlinio CMS"
"Preventiemedewerker","OVERIG","299.00","3","1 dag (2 dagdelen)","Edusafe Certificaat & Pasje","PREV-3","Officiële Preventiemedewerker opleiding verzorgd door Edusafe","Edusafe Surlinio CMS"
"VCA","VCA","0.00","10","1 dag (2 dagdelen)","SSVV / VCA Diploma","VCA-10","Officiële VCA opleiding verzorgd door Edusafe","Edusafe Surlinio CMS"
"VCA basis examen","VCA","95.00","10","1 dag (2 dagdelen)","SSVV / VCA Diploma","VCA -10","Officiële VCA basis examen opleiding verzorgd door Edusafe","Edusafe Surlinio CMS"
"VCA basis lesdag en examen","VCA","1.00","10","1 dag (2 dagdelen)","SSVV / VCA Diploma","VCA -10","Officiële VCA basis lesdag en examen opleiding verzorgd door Edusafe","Edusafe Surlinio CMS"
"VCA basis online voorleesexamen VGM","VCA","0.00","10","1 dag (2 dagdelen)","SSVV / VCA Diploma","VCA -10","Officiële VCA basis online voorleesexamen VGM opleiding verzorgd door Edusafe","Edusafe Surlinio CMS"
"VCA VOL Cursusdag en examen","VCA","1.00","10","1 dag (2 dagdelen)","SSVV / VCA Diploma","VCA -10","Officiële VCA VOL Cursusdag en examen opleiding verzorgd door Edusafe","Edusafe Surlinio CMS"
"VCA Vol examen VGM","VCA","0.00","10","1 dag (2 dagdelen)","SSVV / VCA Diploma","VCA -10","Officiële VCA Vol examen VGM opleiding verzorgd door Edusafe","Edusafe Surlinio CMS"
"VCA vol inclusief lesdag VGM","VCA","0.00","10","1 dag (2 dagdelen)","SSVV / VCA Diploma","VCA -10","Officiële VCA vol inclusief lesdag VGM opleiding verzorgd door Edusafe","Edusafe Surlinio CMS"
"VCA VOL NIBHV","VCA","0.00","10","1 dag (2 dagdelen)","SSVV / VCA Diploma","VCA -10","Officiële VCA VOL NIBHV opleiding verzorgd door Edusafe","Edusafe Surlinio CMS"
"VCA-B NIBHV","VCA","1.00","10","1 dag (2 dagdelen)","SSVV / VCA Diploma","VCA--10","Officiële VCA-B NIBHV opleiding verzorgd door Edusafe","Edusafe Surlinio CMS"
"VCA-VOL examen","VCA","95.00","10","1 dag (2 dagdelen)","SSVV / VCA Diploma","VCA--10","Officiële VCA-VOL examen opleiding verzorgd door Edusafe","Edusafe Surlinio CMS"
"VCU","VCA","1.00","1","1 dag (2 dagdelen)","Edusafe Certificaat & Pasje","VCU-1","Officiële VCU opleiding verzorgd door Edusafe","Edusafe Surlinio CMS"
"Veilig werken met de heftruck","OVERIG","200.00","1","1 dag (2 dagdelen)","Edusafe Certificaat & Pasje","VEIL-1","Officiële Veilig werken met de heftruck opleiding verzorgd door Edusafe","Edusafe Surlinio CMS"
"W.S. Reanimatie / AED","BHV","60.00","1","1 dag (2 dagdelen)","Edusafe Certificaat & Pasje","W.S.-1","Officiële W.S. Reanimatie / AED opleiding verzorgd door Edusafe","Edusafe Surlinio CMS"
"Workshop","OVERIG","0.00","1","1 dag (2 dagdelen)","Edusafe Certificaat & Pasje","WORK-1","Officiële Workshop opleiding verzorgd door Edusafe","Edusafe Surlinio CMS"